index,专辑名称,歌手名称,发行时间,专辑累计销量
0,《The Archer》,Taylor Swift,2019年7月23日,67014.00元
1,《Yellow Submarine (Remastered)》,The Beatles,1969年1月17日,66650.00元
2,《没有什么不可以》,董又霖,2020年6月14日,66645.00元
3,《平和世界》,Mario,2019年7月29日,64716.00元
4,《The Beatles (White Album / Deluxe)》,The Beatles,1968年11月22日,63978.00元
5,《A Hard Days Night (Remastered)》,The Beatles,1964年7月10日,63576.00元
6,《罗盘》,嘉羿,2020年12月6日,58974.00元
7,《Little Fish》,MADILYN,2020年8月7日,58495.00元
8,《A》,上官喜爱,2020年7月22日,58255.00元
9,《大卫》,丁泽仁,2019年11月26日,56634.00元
10,《With The Beatles (Remastered)》,The Beatles,1963年11月22日,55054.00元
11,《Past Masters (Vols. 1 & 2 / Remastered)》,The Beatles,1988年3月7日,53870.00元
12,《放学》,初音ミク,2019年10月17日,50570.00元
13,《元曲》,窦唯 / 朝简,2021年5月1日,50490.00元
14,《Never Give Up》,杨超文,2020年9月28日,49777.00元
15,《What If》,谭晶,2020年1月6日,48807.00元
16,《ヒラヒラ》,GENERATIONS from EXILE TRIBE,2020年4月15日,48805.00元
17,《雨のち晴れ》,GENERATIONS from EXILE TRIBE,2021年1月24日,48755.00元
18,《339 EP》,HARIKIRI / Bohan Phoenix / 马思唯 / J.Mag,2020年7月29日,47736.00元
19,《唐》,王三溥,2019年5月22日,47120.00元
20,《Real Love Is...》,椅子乐团 The Chairs,2020年10月16日,47024.00元
21,《Let It Be... Naked (Remastered)》,The Beatles,2003年11月17日,46136.00元
22,《甜甜的小美满》,刘人语,2020年4月10日,45582.00元
23,《Splash!》,李镇赫,2020年6月30日,43056.00元
24,《Girls Like You》,Maroon 5 / Cardi B,2018年5月30日,42096.00元
25,《夜游会》,乐正龙牙,2020年10月2日,41808.00元
26,《靠近》,徐梦圆,2020年4月28日,41418.00元
27,《遇见光之时》,杨桐 (Toarey Yang),2019年4月17日,40805.00元
28,《Anthology 1》,The Beatles,1995年11月20日,38576.00元
29,《Side B》,墨清弦,2020年5月20日,36936.00元
30,《Anthology 2》,The Beatles,1996年3月18日,36758.00元
31,《恋爱讯号》,周锐,2020年10月22日,36672.00元
32,《Remanufactured.》,STOLEN秘密行动,2020年3月2日,35616.00元
33,《Beatles For Sale (Remastered)》,The Beatles,1964年12月4日,35560.00元
34,"《Cannot Be, Whatsoever》",Novo Amor,2020年11月6日,33174.00元
35,《晚晴》,薇娅viya,2020年1月13日,32751.00元
36,《BlueBlue》,S.K.Y天空少年,2020年12月24日,31850.00元
37,《Message》,徵羽摩柯,2020年12月10日,30760.00元
38,《初心社三周年纪念专辑》,初音未来 (初音ミク) / 米库喵,2021年3月8日,29795.00元
39,《鹿先森乐队“华年”北京工体演唱会Live专辑》,鹿先森乐队,2019年4月16日,27654.00元
40,《香水月季》,贺俊雄,2020年7月9日,27450.00元
41,《「上映」· 点亮现场Live》,宫阁,2020年10月21日,27096.00元
42,《Anthology Highlights》,The Beatles,2011年6月14日,25942.00元
43,《我的意中人》,叶里,2019年1月12日,25120.00元
44,《good luck have fun》,bbno$,2020年10月9日,23960.00元
45,《Live At The Hollywood Bowl》,The Beatles,2016年9月9日,23394.00元
46,《Eeny Meeny》,郑允浩,2021年1月25日,23370.00元
47,《astrology》,bbno$,2020年7月17日,22665.00元
48,《岁月如歌》,姜昕,2020年7月15日,21280.00元
49,《花开的时间》,王潇鸽,2021年1月30日,20040.00元
50,《逾期玫瑰》,轩ZONE / 陈张太康,2020年12月10日,19232.00元
51,《Still on My Mind》,Dido,2019年3月8日,17880.00元
52,《青梅屿》,糖醋排骨,2021年1月14日,16190.00元
53,《INFINITY》,雨洛Huge,2019年5月7日,15390.00元
54,《Live At The BBC (Remastered)》,The Beatles,1994年11月30日,14914.00元
55,《江潮之下》,钱文青,2020年12月2日,14848.00元
56,《On Air  Live At The BBC (Vol.2)》,The Beatles,2013年11月11日,12766.00元
57,《貔貅饭馆，只进不出》,倔强的小红军 / 斑马,2021年2月26日,11004.00元
58,《小期待》,秦牛正威,2020年8月10日,9537.00元
59,《我说，你听》,安九,2020年4月15日,8370.00元
60,《呼啸旅程》,呼戈,2020年1月18日,7203.00元
61,《王贝贝》,王文颖,2019年9月8日,6024.00元
62,《Singing to Strangers》,Jack Savoretti,2019年3月15日,6000.00元
63,《私人派对》,GibbZ,2020年12月14日,5570.00元
64,《New Retro (新城旧叙)》,郑亚当Anton,2020年12月15日,5344.00元
65,《Step Back In Time: The Definitive Collection》,Kylie Minogue,2019年6月28日,3402.00元
66,《清曲雅韵（余琼莹潮曲唱腔艺术精选）》,余琼莹,2020年12月22日,3400.00元
67,《眼》,Chui Wan,2019年9月27日,3190.00元
68,《PHASES》,Chase Atlantic,2019年6月28日,2256.00元
69,《她是女人》,汤笛,2020年7月22日,2220.00元
70,《说不得》,莫奇MY,2019年8月13日,1609.74元
71,《K.R.I.T. IZ HERE》,Big K.R.I.T.,2019年7月11日,1332.00元
72,《Honey Bones》,DOPE LEMON,2019年7月12日,612.00元
73,《Lockdown Lullabies》,Emma Stevens,2020年7月24日,520.00元
74,《镜》,朱宇晨,2021年2月26日,423.00元
75,《‘90s Country》,Homegrown Kids,2019年6月28日,252.00元
76,《Eric B For President: Term 3》,Eric Bellinger,2020年10月30日,0.00元
0,《光点》,肖战,2020年4月25日,159675291.00元
1,《迷》,蔡徐坤,2021年4月13日,72942142.00元
2,《YOUNG》,蔡徐坤,2019年7月26日,71824405.00元
3,《好想爱这个世界啊》,华晨宇,2019年12月4日,67974624.00元
4,《莲》,张艺兴,2020年6月1日,54078240.00元
5,《无感》,王一博,2019年12月30日,52538403.00元
6,《我的世界守则》,王一博,2020年12月30日,44636061.00元
7,《EPSILON》,THE9刘雨昕,2021年4月20日,43090384.00元
8,《周杰伦的床边故事》,周杰伦,2016年6月24日,39773160.00元
9,《HONEY》,张艺兴,2019年6月14日,38433104.00元
10,《Lover》,Taylor Swift,2019年8月23日,37812708.00元
11,《哇》,李宇春,2019年7月24日,37148740.00元
12,《就要掷地有声的炸裂》,R1SE,2019年8月8日,36865296.00元
13,《新世界NEW WORLD》,华晨宇,2020年4月8日,36014420.00元
14,《Reputation》,Taylor Swift,2017年11月10日,35563838.00元
15,《1989》,Taylor Swift,2014年10月27日,34672033.00元
16,《说好不哭》,周杰伦,2019年9月16日,32643897.00元
17,《梦不落雨林》,张艺兴,2018年10月19日,31745439.00元
18,《folklore (deluxe version)》,Taylor Swift,2020年7月24日,27919775.00元
19,《TO THE NINES》,NINE PERCENT,2018年11月20日,26569700.00元
20,《THE ALBUM》,BLACKPINK,2020年10月2日,25398828.00元
21,《Mojito》,周杰伦,2020年6月12日,25193742.00元
22,《流行》,李宇春,2017年11月7日,24848060.00元
23,《撞》,火箭少女101,2018年8月18日,22877964.10元
24,《MADE》,BIGBANG,2016年12月13日,22585608.00元
25,《伟大的渺小》,林俊杰,2017年12月28日,21574920.00元
26,《18》,黄明昊 (Justin),2020年8月3日,20488750.00元
27,《立风》,火箭少女101,2019年6月23日,19857987.00元
28,《Justice (中国豪华特别版)》,Justin Bieber,2021年3月26日,19641579.00元
29,《Xplore》,鹿晗,2016年12月27日,18316050.00元
30,《蓝色天空》,张云雷,2019年10月18日,17557910.00元
31,《野》,李宇春,2016年5月25日,17090520.00元
32,《Reloaded I》,鹿晗,2015年9月14日,16794365.00元
33,《Changes》,Justin Bieber,2020年2月14日,16726012.00元
34,《6》,吴亦凡,2017年7月25日,16634384.00元
35,《牵挂》,张云雷,2020年10月12日,16064940.00元
36,《evermore (deluxe version)》,Taylor Swift,2020年12月11日,15778077.00元
37,《SHEEP》,张艺兴,2017年10月7日,15082245.00元
38,《KWON JI YONG》,GDRAGON (权志龙),2017年6月8日,15014700.00元
39,《L.O.V.E.》,陈奕迅,2018年12月12日,14696600.00元
40,《幸存者 Drifter》,林俊杰,2020年10月20日,14259168.00元
41,《格格不入》,陈立农,2020年5月29日,14233689.00元
42,《Chapter Z》,朱正廷,2019年9月23日,13880545.00元
43,《交换余生》,林俊杰,2020年9月16日,13265265.00元
44,《UGLY BEAUTY》,蔡依林,2018年12月26日,13163740.00元
45,《Venture》,鹿晗,2017年2月21日,13037335.00元
46,《将故事写成我们》,林俊杰,2019年9月20日,13006128.00元
47,《三十二·立》,任嘉伦,2021年4月11日,12953940.00元
48,《和自己对话 From M.E. To Myself》,林俊杰,2015年12月25日,12952890.00元
49,《MAP OF THE SOUL : 7》,BTS (防弹少年团),2020年2月21日,12892000.00元
50,《爱·不爱》,孟美岐,2020年10月30日,12556201.00元
51,《MIRRORS》,王嘉尔,2019年10月25日,12223725.00元
52,《I》,鹿晗,2017年6月27日,12168810.00元
53,《犟》,孟美岐,2019年4月23日,12163315.00元
54,《平凡的一天》,毛不易,2018年7月3日,12068150.00元
55,《πvolume.3》,鹿晗,2020年5月27日,12026108.00元
56,《冀西南林路行》,万能青年旅店,2020年12月22日,11924924.00元
57,《让我留在你身边》,陈奕迅,2016年11月8日,11529116.00元
58,《LOVE YOURSELF 結 Answer》,BTS (防弹少年团),2018年8月24日,11487275.00元
59,《天气：晴》,Sunnee杨芸晴,2020年9月28日,11335260.00元
60,《年轮说》,杨丞琳,2016年9月30日,11309784.00元
61,《UNUSUAL》,UNINE,2019年10月21日,11256300.00元
62,《TESTING》,吴亦凡,2020年4月22日,10490028.00元
63,《πvolume.4》,鹿晗,2020年10月27日,10474604.00元
64,《πvolume.1》,鹿晗,2019年4月17日,10433394.00元
65,《环绕》,张哲瀚,2021年5月8日,10431600.00元
66,《VICTORIA》,宋茜,2020年5月19日,10256020.00元
67,《Kamikaze》,Eminem,2018年8月31日,10157580.00元
68,"《thank u, next》",Ariana Grande,2019年2月8日,9959574.00元
69,《Origins》,Imagine Dragons,2018年11月9日,9898560.00元
70,《MAP OF THE SOUL : PERSONA》,BTS (防弹少年团),2019年4月12日,9835992.00元
71,《R》,ROSÉ,2021年3月12日,9733428.00元
72,《Antares》,吴亦凡,2018年11月6日,9731712.00元
73,《Bloom》,Troye Sivan,2018年8月31日,9547330.00元
74,《Imagination》,鹿晗,2017年4月19日,9242645.00元
75,《πvolume.2》,鹿晗,2019年8月30日,9242401.00元
76,《How You Like That》,BLACKPINK,2020年6月26日,9187317.00元
77,《Evolve》,Imagine Dragons,2017年6月23日,9154638.00元
78,《KILL THIS LOVE》,BLACKPINK,2019年4月4日,8747712.00元
79,《一半是我》,陈立农,2019年1月1日,8579139.00元
80,《IU 5th Album LILAC》,IU,2021年3月25日,8385675.00元
81,《Cmon in~》,陈奕迅,2017年10月9日,8378240.00元
82,《不朽的•THE ART》,阿云嘎,2020年7月23日,8311140.00元
83,《硬糖定律》,硬糖少女303,2020年8月11日,8163200.00元
84,《孙燕姿 No.13 作品：跳舞的梵谷》,孙燕姿,2017年11月9日,8149464.00元
85,《FLOWER ROAD》,BIGBANG,2018年3月13日,7769565.00元
86,《OBSESSION  The 6th Album》,EXO,2019年11月27日,7689770.00元
87,《限定的记忆》,NINE PERCENT,2019年9月26日,7547742.00元
88,《LOVE YOURSELF 轉 Tear》,BTS (防弹少年团),2018年5月18日,7494960.00元
89,《E》,BIGBANG,2015年8月5日,7481170.00元
90,《Revival》,Eminem,2017年12月15日,7443914.00元
91,《毓贞》,张云雷,2019年1月12日,7170591.00元
92,《Reloaded +》,鹿晗,2016年2月16日,7149510.00元
93,《刚好的伤口》,林彦俊,2019年1月7日,7088079.00元
94,《D》,BIGBANG,2015年7月1日,7021525.00元
95,《UNLOCK》,UNINE,2019年5月6日,6989751.00元
96,《Music To Be Murdered By》,Eminem,2020年1月17日,6923032.00元
97,《Reloaded II》,鹿晗,2015年12月1日,6589485.00元
98,《宝贝》,王源,2018年1月22日,6527926.00元
99,《Fearless (Taylors Version)》,Taylor Swift,2021年4月9日,6458760.00元
0,《我是你的》,陈立农,2018年10月3日,6456489.00元
1,《Like You Do 如你》,林俊杰,2020年10月20日,6444558.00元
2,《Like A Fan》,范丞丞,2019年6月14日,6415849.44元
3,《曜为名》,R1SE,2020年6月12日,6414216.00元
4,《偷故事的人》,张惠妹,2017年12月12日,6389925.00元
5,《The Winter Light (冬日告白)》,朱正廷,2018年12月1日,6157152.00元
6,《熹微》,王一博,2020年12月8日,6108582.00元
7,《Red Pill Blues》,Maroon 5,2017年11月3日,6027396.00元
8,《EMERGING》,范丞丞,2020年6月16日,6011451.00元
9,《Delight  The 2nd Mini Album》,伯贤,2020年5月25日,5902820.00元
10,《无法长大》,赵雷,2016年12月21日,5883520.00元
11,《虚实X境》,THE9,2020年12月25日,5773824.00元
12,《BE》,BTS (防弹少年团),2020年11月20日,5770940.00元
13,《City Lights  The 1st Mini Album》,伯贤,2019年7月10日,5762736.00元
14,《风吹过》,鹿晗,2021年4月17日,5723991.00元
15,《蛮》,李宇春,2016年7月19日,5723135.00元
16,《Im Here》,范丞丞,2018年11月22日,5597110.00元
17,《Hard Road》,黄明昊 (Justin),2018年11月5日,5586148.00元
18,《Dangerous Woman》,Ariana Grande,2016年5月20日,5547270.00元
19,《我们很好》,林俊杰,2019年6月13日,5479521.00元
20,《斯芬克斯X谜》,THE9,2020年8月10日,5394755.00元
21,《长》,李宇春,2016年11月22日,5318410.00元
22,《Anti》,Rihanna,2016年1月29日,5215456.00元
23,《LOVE YOURSELF 承 Her》,BTS (防弹少年团),2017年9月18日,5161986.00元
24,《生》,李宇春,2016年9月7日,5153530.00元
25,《EVEN WONG》,王晨艺,2019年8月19日,5128488.00元
26,《深深》,李振宁,2020年11月5日,5123406.00元
27,《破晓》,吴亦凡,2019年8月7日,4996608.00元
28,《放 & 披风》,陈奕迅,2017年5月18日,4933885.00元
29,《海胆 & 谁来剪月光》,陈奕迅,2017年8月4日,4882455.00元
30,《÷》,Ed Sheeran,2017年3月3日,4829940.00元
31,《Escape.》,林彦俊,2019年4月12日,4648932.00元
32,《我们在中场相遇》,莫文蔚,2018年5月31日,4597540.00元
33,《A》,BIGBANG,2015年6月1日,4544205.00元
34,《未·LIVE》,张杰,2018年5月20日,4516272.00元
35,《Winter Special Gift》,张艺兴,2017年12月22日,4502525.00元
36,《Music To Be Murdered By  Side B (Deluxe Edition)》,Eminem,2020年12月18日,4445326.00元
37,《Positions (Deluxe)》,Ariana Grande,2020年10月30日,4354258.00元
38,《THE FIRST I》,NEXT,2018年6月21日,4312400.00元
39,《天気の子》,RADWIMPS,2019年7月19日,4288536.00元
40,《Ice Cream (with Selena Gomez)》,BLACKPINK / Selena Gomez,2020年8月28日,4256118.00元
41,《致列·爱》,黄致列,2017年12月25日,4219700.00元
42,《对的时间点》,林俊杰,2019年8月26日,4190275.00元
43,《对手》,林彦俊,2019年8月24日,4009774.00元
44,《Sweetener》,Ariana Grande,2018年8月17日,3862094.00元
45,《에잇》,IU,2020年5月6日,3776520.00元
46,《天気の子 complete version》,RADWIMPS,2019年11月27日,3716130.00元
47,《Liar》,黄明昊 (Justin),2019年4月23日,3697938.00元
48,《NEXT TO YOU》,NEXT,2018年12月7日,3608148.00元
49,《10亿点击 (1 Billion Views)  The 1st Album》,EXOSC,2020年7月13日,3596275.00元
50,《在这个世界相遇》,陈奕迅,2016年6月16日,3584938.00元
51,《iD》,迪玛希,2019年6月14日,3574308.00元
52,《I Dont Care》,Ed Sheeran / Justin Bieber,2019年5月10日,3553836.00元
53,《哎呦，不错哦》,周杰伦,2014年12月26日,3493780.00元
54,《画外音》,王凯,2018年7月16日,3456370.00元
55,《Bambi  The 3rd Mini Album》,伯贤,2021年3月30日,3451545.00元
56,《MELODRAMA》,Lorde,2017年6月16日,3428812.00元
57,《YOU NEVER WALK ALONE》,BTS (防弹少年团),2017年2月13日,3418500.00元
58,《我想》,张杰,2016年4月25日,3385744.00元
59,《Im Not Cool》,泫雅,2021年1月28日,3384612.00元
60,《Queen》,Nicki Minaj,2018年8月10日,3354382.00元
61,《What a life  The 1st Mini Album》,EXOSC,2019年7月22日,3349854.00元
62,《Dynamite (DayTime Version)》,BTS (防弹少年团),2020年8月21日,3323757.00元
63,《No.6 Collaborations Project》,Ed Sheeran,2019年7月12日,3281420.00元
64,《Lust for Life》,Lana Del Rey,2017年7月21日,3259018.00元
65,《I Dont Wanna Live Forever (Fifty Shades Darker)》,ZAYN / Taylor Swift,2016年12月9日,3201336.00元
66,《Voicenotes》,Charlie Puth,2018年5月11日,3163362.00元
67,《THE THRILL OF IT ALL》,Sam Smith,2017年11月3日,3158420.00元
68,《WINGS》,BTS (防弹少年团),2016年10月10日,3133860.00元
69,《reality in BLACK》,MAMAMOO,2019年11月14日,3120520.00元
70,《Witness》,Katy Perry,2017年6月9日,3052504.00元
71,《A.I. 爱》,王力宏,2017年12月11日,3049830.00元
72,《NCT  The 2nd Album RESONANCE Pt.1》,NCT,2020年10月12日,3048162.00元
73,《In A Dream》,Troye Sivan,2020年8月21日,3006290.00元
74,《伟大的渺小》,林俊杰,2017年11月24日,2956536.00元
75,《Head Above Water》,Avril Lavigne,2019年2月15日,2932580.00元
76,《WHITE NIGHT》,太阳,2017年8月16日,2895200.00元
77,《无尽光芒》,许巍,2018年12月26日,2835280.00元
78,《进阶》,林俊杰,2018年12月27日,2801202.00元
79,《THE FIRST II》,NEXT,2018年7月18日,2760065.00元
80,《EMPTY SPACE》,朱正廷,2020年5月7日,2720334.00元
81,《Purpose  The 2nd Album》,太妍,2019年10月28日,2686698.00元
82,《Keep Online NO版》,X玖少年团,2018年5月9日,2675766.00元
83,《实名制》,好妹妹,2017年4月7日,2624060.00元
84,《Wonderland》,林俊杰,2019年10月14日,2614908.00元
85,《M》,BIGBANG,2015年5月1日,2594135.00元
86,《LUNAR》,周笔畅,2019年7月11日,2592300.00元
87,《Time_Slip  The 9th Album》,SUPER JUNIOR,2019年10月14日,2535400.00元
88,《舞会》,ONER,2019年6月14日,2527050.00元
89,《Fire》,王一博,2019年1月17日,2521500.00元
90,《Naked Truth 赤裸真相》,萧亚轩,2020年12月24日,2509600.00元
91,《MAP OF THE SOUL : 7 ~ THE JOURNEY ~》,BTS (防弹少年团),2020年7月14日,2483100.00元
92,《不为谁而作的歌》,林俊杰,2015年12月3日,2415368.00元
93,《folklore: the long pond studio sessions (from the Disney+ special)》,Taylor Swift,2020年11月25日,2410951.00元
94,《猎户星座》,朴树,2017年4月30日,2410710.00元
95,《THE GREAT SEUNGRI》,胜利,2018年7月20日,2382930.00元
96,《Ⅹ》,罗云熙,2020年12月27日,2370312.00元
97,《LOVE SHOT – The 5th Album Repackage》,EXO,2018年12月14日,2328880.00元
98,《NCT  The 2nd Album RESONANCE Pt.2》,NCT,2020年11月23日,2327744.00元
99,《花样年华 Young Forever》,BTS (防弹少年团),2016年5月2日,2326140.00元
0,《角色》,李易峰,2018年1月1日,2319910.00元
1,《自画像  The 1st Mini Album》,SUHO,2020年3月30日,2300148.00元
2,《15分钟的疯狂》,许魏洲,2017年8月10日,2276720.00元
3,《越爱越强》,张杰,2016年8月20日,2258825.00元
4,《冬 未了 Mini特别版》,苏打绿,2015年11月9日,2243508.00元
5,《Despacito 缓缓》,Luis Fonsi / 林俊杰,2018年1月26日,2206872.00元
6,《1¹¹=1 (POWER OF DESTINY)》,Wanna One,2018年11月19日,2196325.00元
7,《THE FIRST III》,NEXT,2018年8月17日,2163780.00元
8,《I Do》,陈奕迅,2016年9月26日,2127616.00元
9,《TRAVEL》,MAMAMOO,2020年11月3日,2119770.00元
10,《多么舍不得》,庄心妍,2018年4月2日,2102058.00元
11,《温暖》,靳东,2018年1月23日,2095314.00元
12,《另一个童话》,邓紫棋,2018年8月16日,2093708.00元
13,《翻白眼III》,周笔畅,2015年9月25日,2081565.00元
14,《WE》,WINNER,2019年5月15日,2051415.00元
15,《待签收》,朱正廷,2019年3月18日,1979256.00元
16,《无滤镜(feat. 藤原浩)》,林俊杰 / 藤原浩,2020年7月30日,1977168.00元
17,《Lucky》,王一博,2019年3月13日,1941921.00元
18,《未·LIVE 2》,张杰,2018年8月10日,1913616.00元
19,《Dream Visit》,李易峰,2019年4月24日,1894952.00元
20,《A.I. 爱：第一集》,王力宏,2017年9月15日,1864140.00元
21,《Monster  The 1st Mini Album》,Red Velvet  IRENE & SEULGI,2020年7月6日,1845162.00元
22,《？》,张韶涵,2019年12月18日,1834425.00元
23,《最远的距离》,黄致列,2016年7月20日,1790025.00元
24,《SuperM  The 1st Mini Album》,SuperM,2019年10月4日,1788620.00元
25,《玩》,陈粒,2018年7月26日,1779275.00元
26,《小梦大半》,陈粒,2016年7月26日,1775706.00元
27,《如果》,毕雯珺,2019年11月21日,1773822.00元
28,《Baby I Do》,ONER,2018年12月24日,1768722.00元
29,《KAI (开)  The 1st Mini Album》,KAI (金钟仁),2020年11月30日,1758690.00元
30,"《四月, 花 (April, and a flower)  The 1st Mini Album》",CHEN,2019年4月1日,1726794.00元
31,《Different World》,Alan Walker,2018年12月14日,1726582.00元
32,"《With Love, J》",Jessica,2016年5月17日,1687200.00元
33,《等风停》,罗云熙,2020年6月19日,1674024.00元
34,《T.A.O》,黄子韬,2015年7月23日,1623605.00元
35,《25》,吴宣仪,2020年9月25日,1622138.00元
36,《X玖》,X玖少年团,2016年9月24日,1602195.00元
37,《Reload》,NCT DREAM,2020年4月29日,1599000.00元
38,《重命名》,周笔畅,2018年7月11日,1587228.00元
39,《一见倾心》,冯建宇,2018年8月9日,1583830.00元
40,《Remember》,WINNER,2020年4月9日,1580220.00元
41,《Fantôme》,宇多田光,2016年9月28日,1579230.00元
42,《One More Light》,Linkin Park,2017年5月19日,1579142.00元
43,《光》,张哲瀚,2019年8月18日,1567024.00元
44,《The Renaissance  The 10th Album》,SUPER JUNIOR,2021年3月16日,1541540.00元
45,《UNight Flight》,UNINE,2020年5月6日,1516306.00元
46,《Lets shut up & dance (Dedicated to Michael Jackson)》,Jason Derulo / 张艺兴 / NCT 127,2019年2月22日,1512672.00元
47,《CROSS》,WINNER,2019年10月23日,1497582.00元
48,《Super One  The 1st Album》,SuperM,2020年9月25日,1483048.00元
49,《0+1=1 (I PROMISE YOU)》,Wanna One,2018年3月19日,1460574.00元
50,《Keep Online YES版》,X玖少年团,2018年2月14日,1415607.00元
51,《睡皇后》,邓紫棋,2018年12月14日,1411298.00元
52,《1÷x=1 (UNDIVIDED)》,Wanna One,2018年6月4日,1399395.00元
53,《A.I. 爱：第二集》,王力宏,2017年10月13日,1394330.00元
54,《Four Seasons  Single》,太妍,2019年3月24日,1361460.00元
55,《FLOWER SHOWER》,泫雅,2019年11月5日,1326000.00元
56,《黑夜问白天》,林俊杰,2017年12月25日,1324572.00元
57,《毒苹果》,邓紫棋,2018年10月26日,1323687.00元
58,《Go with the Flow》,木村拓哉,2020年1月8日,1313950.00元
59,《11=0(NOTHING WITHOUT YOU)》,Wanna One,2017年11月13日,1241830.00元
60,《K》,李希侃,2018年12月3日,1225650.00元
61,《너 없이 못살아 (Without You)》,黄致列,2016年4月26日,1208626.00元
62,《AMH》,王子异,2018年7月13日,1208265.00元
63,《I=U=WE：我》,BOY STORY,2020年11月27日,1192604.00元
64,《当你和心跳一起出现》,萧亚轩,2019年12月20日,1173069.00元
65,《Hold On》,Justin Bieber,2021年3月5日,1169286.00元
66,《欲控》,毕雯珺,2020年11月21日,1161402.00元
67,《让大雨落下(Let it rain)》,岳岳,2019年7月12日,1148460.00元
68,《Stay With You (英文版)》,林俊杰 / 孙燕姿,2020年8月9日,1130160.00元
69,《1X1=1(TO BE ONE)》,Wanna One,2017年8月7日,1119180.00元
70,《莫尔MORE • 乌托邦第3章 • 数字EP》,张紫宁,2020年9月6日,1116582.00元
71,《Smile》,Katy Perry,2020年8月28日,1113836.00元
72,《Sugar Free》,SNH48孙芮,2021年1月11日,1113522.00元
73,《Love》,The Beatles,2006年11月20日,1104708.00元
74,《强迫症》,周笔畅,2017年4月26日,1074842.00元
75,《我们羞于表达的感情》,新裤子 / 大张伟,2019年11月28日,1074543.00元
76,《过去完成时》,鞠婧祎,2021年1月5日,1073904.00元
77,《Black Swan》,BTS (防弹少年团),2020年1月17日,1064046.00元
78,《逆流而上》,罗云熙,2019年7月28日,1062384.00元
79,《适者生存》,幼稚园杀手 / 9 Tribez,2020年6月3日,1054520.00元
80,《CENTER》,管栎,2020年10月15日,1046100.00元
81,《25》,Adele,2015年11月20日,1043430.00元
82,《镜中兽（Mirror Me）》,姚明明（姚柏南）,2020年10月23日,1024545.00元
83,《是云白》,秦霄贤,2021年3月12日,1020402.00元
84,《孤独与诗》,鞠婧祎,2019年6月18日,1018668.00元
85,《TIMELESS  The 9th Album Repackage》,SUPER JUNIOR,2020年1月28日,1013051.00元
86,《Can You Remember》,胡春杨,2020年12月18日,1007682.00元
87,《LOSE CONTROL》,张艺兴,2016年10月28日,993575.00元
88,《What Do I Call You  The 4th Mini Album》,太妍,2020年12月15日,984060.00元
89,《SHOW THE WORLD》,林俊杰,2019年6月20日,983067.00元
90,《Stay Gold》,BTS (防弹少年团),2020年6月19日,971352.00元
91,《致亲爱的你 (Dear my dear)》,CHEN,2019年10月1日,961686.00元
92,《赤子白仙》,刺猬,2020年7月13日,960200.00元
93,《SEVENTEEN Special Album ; [Semicolon]》,SEVENTEEN,2020年10月19日,956826.00元
94,《9801》,WOOSEOK X KUANLIN,2019年3月11日,949210.00元
95,《Girls Like You》,Maroon 5 / Cardi B,2018年5月30日,948548.00元
96,《Dream Glow (BTS WORLD OST Part.1)》,BTS (防弹少年团) / Charli XCX,2019年6月7日,945333.00元
97,《Purpose  The 2nd Album Repackage》,太妍,2020年1月15日,940353.00元
98,《感爵这一刻》,林俊杰,2020年12月22日,936065.00元
99,《黑夜闭上双眼(Close my eyes)》,ONER灵超,2019年7月12日,934695.00元
0,《徐梦圆 同名专辑》,徐梦圆,2018年3月8日,932832.00元
1,《恶浪》,ONER,2020年8月30日,927031.00元
2,《덤디덤디 (DUMDi DUMDi)》,(G)IDLE,2020年8月3日,923125.00元
3,《Anyone》,Justin Bieber,2021年1月1日,905970.00元
4,《Im Kwin》,ONER木子洋,2019年7月12日,904494.00元
5,《i DECIDE》,iKON,2020年2月6日,902388.00元
6,《恋爱告急》,鞠婧祎,2019年11月8日,892160.00元
7,《Epik High Is Here 上》,Epik High,2021年1月18日,882540.00元
8,《PAGE》,姜昇润,2021年3月29日,843760.00元
9,《你在我心中》,Mike Angelo,2018年3月14日,830512.00元
10,《Be ordinary》,黄致列,2017年6月13日,826176.00元
11,《和自己对话感动双推荐》,林俊杰,2015年12月18日,811516.00元
12,《We Were In Love》,吴宣仪,2021年1月26日,799695.00元
13,《GDRAGON 2017 WORLD TOUR IN JAPAN》,GDRAGON (权志龙),2018年2月7日,797620.00元
14,《丹宁执着》,林俊杰 / 消除联萌,2017年8月23日,789838.00元
15,《Live Fast》,Alan Walker / A$AP Rocky,2019年7月25日,782265.00元
16,《I=U=WE：序》,BOY STORY,2020年1月6日,779130.00元
17,《陷》,朱正廷,2021年3月18日,764277.00元
18,《When We Were Us  The 1st Mini Album》,SUPER JUNIORK.R.Y.,2020年6月8日,764136.00元
19,《假装 (Telephone) (Feat. 10CM)》,EXOSC,2020年7月7日,763557.00元
20,《陈粒“在蓬莱”in Blue Note Beijing》,陈粒,2017年7月26日,761460.00元
21,《小瓶子》,林俊杰,2017年11月27日,756704.00元
22,《wow》,李子璇,2020年11月12日,755720.00元
23,《末日飞船》,唐汉霄 / 周深,2019年7月18日,740346.00元
24,《追梦人》,好妹妹,2018年10月17日,735900.00元
25,《桃浦男孩》,陈立农,2020年10月3日,726525.00元
26,《SELF》,曾可妮 / 刘令姿,2020年10月13日,725142.00元
27,《A Brand New Day (BTS WORLD OST Part.2)》,BTS (防弹少年团) / Zara Larsson,2019年6月14日,722691.00元
28,"《So, 通 (소통)》",N.Flying,2020年6月10日,702240.00元
29,《亲爱的怪物》,炎亚纶,2018年9月28日,693217.00元
30,《翻白眼》,周笔畅,2015年6月2日,688100.00元
31,《The Shadows》,SNH48_7SENSES,2020年7月29日,682298.00元
32,《Dont Call Me  The 7th Album》,SHINee,2021年2月22日,679338.00元
33,《解梦》,SING女团,2019年8月10日,678670.00元
34,《Goodbye》,NINEONE# / BULL,2020年9月30日,659930.00元
35,《游乐园 (Amusement Park)》,伯贤,2020年12月21日,647010.00元
36,《十七》,S.H.E,2018年8月30日,635628.00元
37,《NEXT BEGINS》,NEXT,2019年11月8日,633220.00元
38,《My Decade》,Jessica,2017年8月9日,628000.00元
39,《Red Diary Page.2》,脸红的思春期,2019年4月3日,624228.00元
40,《Too Busy》,BOY STORY,2019年7月26日,622449.00元
41,《BlackACE》,BlackACE,2019年5月31日,614005.00元
42,《Come to Me》,王晰,2019年10月30日,611238.00元
43,《Love Talk》,威神V,2019年11月5日,600822.00元
44,《西窗》,好妹妹,2015年12月1日,597370.00元
45,《Make It Right》,BTS (防弹少年团) / Lauv,2019年10月18日,595464.00元
46,《Abbey Road (Remastered)》,The Beatles,1969年9月26日,590176.00元
47,《EQUAL》,WOODZ,2020年6月29日,586056.00元
48,《All Night (BTS WORLD OST Part.3)》,BTS (防弹少年团) / Juice WRLD,2019年6月21日,582744.00元
49,《翻白眼II》,周笔畅,2015年7月9日,582605.00元
50,《在雨中》,莫寒,2020年11月26日,569145.00元
51,《不如先庆祝能在一起》,萧亚轩,2020年3月11日,556059.00元
52,《MY ART 0.5》,钱正昊,2018年8月18日,543372.00元
53,《摇啊摇》,UNINE,2020年1月18日,541704.00元
54,《This is 嵐》,嵐,2020年12月11日,535675.00元
55,《2+0+2+1+3+1+1= 10 years 10 songs》,RADWIMPS,2021年3月11日,530740.00元
56,《OUTTA MY HEAD》,段宜恩,2020年1月11日,515622.00元
57,《EXO PLANET #5 –EXplOration– Live Album》,EXO,2020年4月21日,514410.00元
58,《True Colors》,郑允浩,2019年6月12日,508410.00元
59,《下次旅行》,李艺彤,2019年12月2日,506880.00元
60,《自己的房间》,田馥甄,2018年8月20日,494422.00元
61,《A Walk to Remember  Special Album》,允儿,2019年5月30日,492896.00元
62,《UNFORGETTABLE》,UNINE,2020年9月30日,490008.00元
63,《RECODE》,CNBLUE,2020年11月17日,484700.00元
64,《Moments》,洛天依,2020年7月12日,471616.00元
65,《从未对你说过》,段宜恩,2020年3月14日,459489.00元
66,《Bad Alive (English Ver.)》,威神V,2020年7月29日,454644.00元
67,《WONDERLAND》,Jessica,2016年12月9日,445070.00元
68,《折纸信笺》,泠鸢yousa,2020年12月17日,431726.80元
69,《一辈子(A Lifetime)》,卜凡,2019年7月12日,422937.00元
70,《1 (Remastered)》,The Beatles,2000年11月13日,406972.00元
71,《聚焦X》,程潇,2020年12月28日,405081.00元
72,《小小星球》,刘维,2020年3月24日,398395.00元
73,《请拨打我的电话please》,黄明昊 (Justin),2019年11月26日,392022.00元
74,《歌 时代II》,张信哲,2019年1月15日,375580.00元
75,《Atlantis  The 7th Album Repackage》,SHINee,2021年4月12日,370848.00元
76,《Your Kwin》,ONER木子洋,2021年4月14日,369910.00元
77,《Chocolate  The 1st Mini Album》,最强昌珉,2020年4月6日,367695.00元
78,《巾帼红颜》,金子涵,2020年12月10日,364608.00元
79,《和.唱》,郑容和,2021年4月16日,364000.00元
80,《Let It Be (Remastered)》,The Beatles,1970年5月8日,352306.00元
81,《耳鸣》,周笔畅,2017年5月26日,351986.00元
82,《幸福路上》,蔡依林,2017年11月20日,350500.00元
83,《Happy  Single》,太妍,2020年5月4日,344877.00元
84,《Rebellious》,ONER灵超,2021年1月11日,344034.00元
85,《Sgt. Peppers Lonely Hearts Club Band (Remastered)》,The Beatles,1967年6月1日,343484.00元
86,《Never Gonna Dance Again : Act 1  The 3rd Album》,泰民,2020年9月7日,343278.00元
87,《无 所 事 事》,周笔畅,2017年6月28日,328036.00元
88,《如影》,林陌,2020年11月15日,326127.00元
89,《无瑕》,丁泽仁,2019年11月19日,322101.00元
90,《Caution》,Mariah Carey,2018年11月16日,320984.00元
91,《最想去的地方》,炎亚纶,2018年3月30日,320940.00元
92,《沙发里有沙发Radio》,鱼丁糸,2020年8月7日,320310.00元
93,《FAKE LOVE (Rocking Vibe Mix)》,BTS (防弹少年团),2018年6月4日,318522.00元
94,《Blossom》,谷蓝帝,2020年7月13日,316014.00元
95,《iM THE TREND》,(G)IDLE,2020年7月7日,312051.00元
96,《NOIR  The 2nd Mini Album》,郑允浩,2021年1月18日,303708.00元
97,《Dynamite (NightTime Version)》,BTS (防弹少年团),2020年9月18日,298818.00元
98,《TAKE ME》,SNH48,2020年9月16日,298056.00元
99,《我要我们在一起》,李权哲,2020年1月22日,287262.00元
0,《猫じゃらし》,RADWIMPS,2020年4月6日,286790.00元
1,《100》,SuperM,2020年8月14日,280608.00元
2,《夏日季风》,吴季峰,2019年9月19日,279545.00元
3,《飞行模式》,陈意涵Estelle,2020年6月11日,278800.00元
4,《ME! (feat. Brendon Urie of Panic! At The Disco)》,Taylor Swift / Brendon Urie,2019年4月26日,278192.00元
5,《The Beatles (Remastered)》,The Beatles,1968年11月22日,271712.00元
6,《老虎 (Tiger Inside)》,SuperM,2020年9月1日,270609.00元
7,《日月》,汪苏泷,2019年4月22日,268617.00元
8,《Rubber Soul (Remastered)》,The Beatles,1965年12月3日,265632.00元
9,《爱 广播 飞机》,新裤子,2021年3月18日,265538.00元
10,《CHA CHA CHA》,新风暴,2019年5月27日,265515.00元
11,《梵Cloud pt.2:LOVE》,林凡Marco,2021年1月15日,262275.00元
12,《火焰小溪》,林宥嘉,2018年8月5日,250878.00元
13,《Never Gonna Dance Again : Act 2  The 3rd Album》,泰民,2020年11月9日,247374.00元
14,《过海》,痛仰乐队,2019年12月16日,247270.00元
15,《新大陆》,布瑞吉Bridge,2018年10月22日,241347.00元
16,《青云不坠》,小坠,2019年2月16日,236940.00元
17,《迟爱》,郁可唯,2019年4月24日,235989.00元
18,《The Beatles 1967  1970 (Remastered)》,The Beatles,1973年4月2日,232028.00元
19,《校园寓言故事》,AR（刘夫阳）,2019年1月11日,228940.83元
20,《City Lights》,李艺彤,2020年12月23日,226683.00元
21,《IN THE SUMMER》,嵐,2020年7月23日,225282.00元
22,《Help! (Remastered)》,The Beatles,1965年8月6日,224568.00元
23,《十万个为什么》,惘闻,2020年9月24日,219816.00元
24,《四火》,田燚,2018年8月3日,214460.00元
25,《安好 (Hello)》,CHEN,2020年10月15日,212748.00元
26,《无间》,鬼卞,2019年4月13日,212430.00元
27,《创使者世界巡回演唱会 LIVE》,潘玮柏,2020年6月5日,210575.00元
28,《My Love》,NEXT,2020年9月30日,207960.00元
29,《与我无关》,阿冗,2020年1月2日,205536.00元
30,"《WINNER THE BEST ""SONG 4 U""》",WINNER,2020年2月12日,202215.00元
31,《LRY18》,刘人语,2019年10月10日,202176.00元
32,《THE DREAM SHOW  The 1st Live Album》,NCT DREAM,2020年6月9日,196625.00元
33,《二十一》,黄新淳,2019年5月21日,192477.00元
34,《Make It Right (EDM Remix)》,BTS (防弹少年团) / Lauv,2019年11月1日,185790.00元
35,《WANT  The 2nd Mini Album》,泰民,2019年2月11日,184654.00元
36,《CHANGE》,BOY STORY,2020年6月1日,183597.00元
37,《回:Song of the Sirens》,GFRIEND,2020年7月13日,182124.00元
38,《Circle》,丁泽仁,2020年11月19日,180369.00元
39,《落霞集》,上海彩虹室内合唱团,2019年6月30日,180273.00元
40,《Dynamite (DayTime Version)》,BTS (防弹少年团),2020年8月24日,175275.00元
41,《STARLIGHT》,N.Flying,2020年7月24日,175065.00元
42,《9loryUS》,SF9,2020年7月6日,173340.00元
43,《Make It Right (Acoustic Remix)》,BTS (防弹少年团) / Lauv,2019年11月8日,173337.00元
44,《相信爱/TEMPLE》,贾凡,2019年12月12日,169805.00元
45,《Sgt. Peppers Lonely Hearts Club Band (Super Deluxe Edition)》,The Beatles,1967年5月26日,163658.00元
46,《活着的时间》,朱正廷,2019年11月26日,163077.00元
47,《BETTER  The 10th Album》,BoA (宝儿),2020年12月1日,161940.00元
48,《WOOPS!》,WOODZ,2020年11月17日,156264.00元
49,《恋糖》,初音ミク,2019年7月15日,155325.00元
50,《曾以为》,冯建宇,2019年9月20日,153216.00元
51,《茫》,李润祺,2020年11月15日,151618.00元
52,《Revolver (Remastered)》,The Beatles,1966年8月5日,150924.00元
53,《The Four Seasons》,黄致列,2019年1月21日,150036.00元
54,《STILL WITH U ALL》,初音ミク,2019年6月4日,148122.00元
55,《The Beatles 1962  1966 (Remastered)》,The Beatles,1973年4月2日,146926.00元
56,《You Need To Calm Down》,Taylor Swift,2019年6月14日,145938.00元
57,《Love me》,高嘉朗,2020年1月12日,145731.00元
58,《Fly High》,李权哲,2019年11月26日,144003.00元
59,《Yellow Submarine Songtrack》,The Beatles,1999年9月13日,142682.00元
60,《告白诗》,乐正绫,2020年4月12日,141480.00元
61,《缤纷世界》,初音ミク,2020年3月13日,139985.00元
62,《西楼》,宋继扬,2020年12月2日,138759.00元
63,《Whenever You Call》,嵐,2020年9月20日,134916.00元
64,《失序抵抗》,李鑫一,2020年9月22日,134877.00元
65,《名为你的摄影集》,毕雯珺,2019年11月26日,133365.00元
66,《Dynamite (Holiday Remix)》,BTS (防弹少年团),2020年12月11日,132612.00元
67,《Simple》,郑恩地,2020年7月15日,131136.00元
68,《The Beatles (White Album / Super Deluxe)》,The Beatles,2018年11月9日,127686.00元
69,《Mayday》,VICTON,2020年6月2日,125682.00元
70,《新世界》,RADWIMPS,2020年5月9日,123508.00元
71,《悲智双翼》,真如,2020年3月11日,121178.00元
72,《Youth 度》,VOGUE 5,2019年4月12日,120140.00元
73,《Sgt. Peppers Lonely Hearts Club Band (Deluxe Edition)》,The Beatles,1967年6月1日,111904.00元
74,《Please Please Me (Remastered)》,The Beatles,1963年3月22日,110390.00元
75,《Dynamite (DayTime Version)》,BTS (防弹少年团),2020年8月28日,109626.00元
76,《来·走》,韩沐伯,2019年12月28日,107556.00元
77,《Missing You》,黄新淳,2019年11月26日,98595.00元
78,《糊得如此独特》,丁飞俊,2020年3月23日,98340.00元
79,《恋 · LOV3》,RaJor,2019年11月1日,96375.00元
80,《Loading...》,GENERATIONS from EXILE TRIBE,2020年11月18日,96165.00元
81,《Golden Child 4th Mini Album [Take A Leap]》,Golden Child,2020年6月23日,94860.00元
82,《Starry Night  The 2nd Mini Album》,BoA (宝儿),2019年12月11日,94080.00元
83,《宋词》,窦唯 / 朝简,2021年5月1日,93240.00元
84,《Be My Reason》,黄致列,2021年4月2日,91854.00元
85,《近你环行日记》,黄新淳,2020年5月14日,91686.00元
86,《白日梦》,言和,2020年7月11日,90992.00元
87,《Magical Mystery Tour (Remastered)》,The Beatles,1967年11月27日,87064.00元
88,《二十多岁，无人欣赏》,南征北战NZBZ,2020年8月28日,86245.00元
89,《鋼の羽根》,RADWIMPS,2021年4月5日,83322.00元
90,《Legacy (Explicit)》,Vicetone,2021年4月2日,76976.00元
91,《Dreaming》,圭贤,2020年7月23日,74730.00元
92,《暗适应ЯEMOTION》,初音ミク,2020年6月5日,74530.00元
93,《深海阳光》,田燚,2019年2月18日,71130.00元
94,《SET》,WOODZ,2021年3月15日,70924.00元
95,《Show Myself》,3unshine,2021年1月15日,69015.00元
96,《Party Starters》,嵐,2020年10月30日,68754.00元
97,《러블리즈 7th Mini Album [Unforgettable]》,Lovelyz,2020年9月1日,67788.00元
98,《Anthology 3》,The Beatles,1996年10月28日,67694.00元
99,《SHONEN CHRONICLE》,GENERATIONS from EXILE TRIBE,2019年11月21日,67456.00元
0,《The Archer》,Taylor Swift,2019年7月23日,67014.00元
1,《Yellow Submarine (Remastered)》,The Beatles,1969年1月17日,66650.00元
2,《没有什么不可以》,董又霖,2020年6月14日,66645.00元
3,《平和世界》,Mario,2019年7月29日,64716.00元
4,《The Beatles (White Album / Deluxe)》,The Beatles,1968年11月22日,63978.00元
5,《A Hard Days Night (Remastered)》,The Beatles,1964年7月10日,63576.00元
6,《罗盘》,嘉羿,2020年12月6日,58974.00元
7,《Little Fish》,MADILYN,2020年8月7日,58495.00元
8,《A》,上官喜爱,2020年7月22日,58255.00元
9,《大卫》,丁泽仁,2019年11月26日,56634.00元
10,《With The Beatles (Remastered)》,The Beatles,1963年11月22日,55054.00元
11,《Past Masters (Vols. 1 & 2 / Remastered)》,The Beatles,1988年3月7日,53870.00元
12,《放学》,初音ミク,2019年10月17日,50570.00元
13,《元曲》,窦唯 / 朝简,2021年5月1日,50490.00元
14,《Never Give Up》,杨超文,2020年9月28日,49777.00元
15,《What If》,谭晶,2020年1月6日,48807.00元
16,《ヒラヒラ》,GENERATIONS from EXILE TRIBE,2020年4月15日,48805.00元
17,《雨のち晴れ》,GENERATIONS from EXILE TRIBE,2021年1月24日,48755.00元
18,《339 EP》,HARIKIRI / Bohan Phoenix / 马思唯 / J.Mag,2020年7月29日,47736.00元
19,《唐》,王三溥,2019年5月22日,47120.00元
20,《Real Love Is...》,椅子乐团 The Chairs,2020年10月16日,47024.00元
21,《Let It Be... Naked (Remastered)》,The Beatles,2003年11月17日,46136.00元
22,《甜甜的小美满》,刘人语,2020年4月10日,45582.00元
23,《Splash!》,李镇赫,2020年6月30日,43056.00元
24,《Girls Like You》,Maroon 5 / Cardi B,2018年5月30日,42096.00元
25,《夜游会》,乐正龙牙,2020年10月2日,41808.00元
26,《靠近》,徐梦圆,2020年4月28日,41418.00元
27,《遇见光之时》,杨桐 (Toarey Yang),2019年4月17日,40805.00元
28,《Anthology 1》,The Beatles,1995年11月20日,38576.00元
29,《Side B》,墨清弦,2020年5月20日,36936.00元
30,《Anthology 2》,The Beatles,1996年3月18日,36758.00元
31,《恋爱讯号》,周锐,2020年10月22日,36672.00元
32,《Remanufactured.》,STOLEN秘密行动,2020年3月2日,35616.00元
33,《Beatles For Sale (Remastered)》,The Beatles,1964年12月4日,35560.00元
34,"《Cannot Be, Whatsoever》",Novo Amor,2020年11月6日,33174.00元
35,《晚晴》,薇娅viya,2020年1月13日,32751.00元
36,《BlueBlue》,S.K.Y天空少年,2020年12月24日,31850.00元
37,《Message》,徵羽摩柯,2020年12月10日,30760.00元
38,《初心社三周年纪念专辑》,初音未来 (初音ミク) / 米库喵,2021年3月8日,29795.00元
39,《鹿先森乐队“华年”北京工体演唱会Live专辑》,鹿先森乐队,2019年4月16日,27654.00元
40,《香水月季》,贺俊雄,2020年7月9日,27450.00元
41,《「上映」· 点亮现场Live》,宫阁,2020年10月21日,27096.00元
42,《Anthology Highlights》,The Beatles,2011年6月14日,25942.00元
43,《我的意中人》,叶里,2019年1月12日,25120.00元
44,《good luck have fun》,bbno$,2020年10月9日,23960.00元
45,《Live At The Hollywood Bowl》,The Beatles,2016年9月9日,23394.00元
46,《Eeny Meeny》,郑允浩,2021年1月25日,23370.00元
47,《astrology》,bbno$,2020年7月17日,22665.00元
48,《岁月如歌》,姜昕,2020年7月15日,21280.00元
49,《花开的时间》,王潇鸽,2021年1月30日,20040.00元
50,《逾期玫瑰》,轩ZONE / 陈张太康,2020年12月10日,19232.00元
51,《Still on My Mind》,Dido,2019年3月8日,17880.00元
52,《青梅屿》,糖醋排骨,2021年1月14日,16190.00元
53,《INFINITY》,雨洛Huge,2019年5月7日,15390.00元
54,《Live At The BBC (Remastered)》,The Beatles,1994年11月30日,14914.00元
55,《江潮之下》,钱文青,2020年12月2日,14848.00元
56,《On Air  Live At The BBC (Vol.2)》,The Beatles,2013年11月11日,12766.00元
57,《貔貅饭馆，只进不出》,倔强的小红军 / 斑马,2021年2月26日,11004.00元
58,《小期待》,秦牛正威,2020年8月10日,9537.00元
59,《我说，你听》,安九,2020年4月15日,8370.00元
60,《呼啸旅程》,呼戈,2020年1月18日,7203.00元
61,《王贝贝》,王文颖,2019年9月8日,6024.00元
62,《Singing to Strangers》,Jack Savoretti,2019年3月15日,6000.00元
63,《私人派对》,GibbZ,2020年12月14日,5570.00元
64,《New Retro (新城旧叙)》,郑亚当Anton,2020年12月15日,5344.00元
65,《Step Back In Time: The Definitive Collection》,Kylie Minogue,2019年6月28日,3402.00元
66,《清曲雅韵（余琼莹潮曲唱腔艺术精选）》,余琼莹,2020年12月22日,3400.00元
67,《眼》,Chui Wan,2019年9月27日,3190.00元
68,《PHASES》,Chase Atlantic,2019年6月28日,2256.00元
69,《她是女人》,汤笛,2020年7月22日,2220.00元
70,《说不得》,莫奇MY,2019年8月13日,1609.74元
71,《K.R.I.T. IZ HERE》,Big K.R.I.T.,2019年7月11日,1332.00元
72,《Honey Bones》,DOPE LEMON,2019年7月12日,612.00元
73,《Lockdown Lullabies》,Emma Stevens,2020年7月24日,520.00元
74,《镜》,朱宇晨,2021年2月26日,423.00元
75,《‘90s Country》,Homegrown Kids,2019年6月28日,252.00元
76,《Eric B For President: Term 3》,Eric Bellinger,2020年10月30日,0.00元
0,《The Archer》,Taylor Swift,2019年7月23日,67014.00元
1,《Yellow Submarine (Remastered)》,The Beatles,1969年1月17日,66650.00元
2,《没有什么不可以》,董又霖,2020年6月14日,66645.00元
3,《平和世界》,Mario,2019年7月29日,64716.00元
4,《The Beatles (White Album / Deluxe)》,The Beatles,1968年11月22日,63978.00元
5,《A Hard Days Night (Remastered)》,The Beatles,1964年7月10日,63576.00元
6,《罗盘》,嘉羿,2020年12月6日,58974.00元
7,《Little Fish》,MADILYN,2020年8月7日,58495.00元
8,《A》,上官喜爱,2020年7月22日,58255.00元
9,《大卫》,丁泽仁,2019年11月26日,56634.00元
10,《With The Beatles (Remastered)》,The Beatles,1963年11月22日,55054.00元
11,《Past Masters (Vols. 1 & 2 / Remastered)》,The Beatles,1988年3月7日,53870.00元
12,《放学》,初音ミク,2019年10月17日,50570.00元
13,《元曲》,窦唯 / 朝简,2021年5月1日,50490.00元
14,《Never Give Up》,杨超文,2020年9月28日,49777.00元
15,《What If》,谭晶,2020年1月6日,48807.00元
16,《ヒラヒラ》,GENERATIONS from EXILE TRIBE,2020年4月15日,48805.00元
17,《雨のち晴れ》,GENERATIONS from EXILE TRIBE,2021年1月24日,48755.00元
18,《339 EP》,HARIKIRI / Bohan Phoenix / 马思唯 / J.Mag,2020年7月29日,47736.00元
19,《唐》,王三溥,2019年5月22日,47120.00元
20,《Real Love Is...》,椅子乐团 The Chairs,2020年10月16日,47024.00元
21,《Let It Be... Naked (Remastered)》,The Beatles,2003年11月17日,46136.00元
22,《甜甜的小美满》,刘人语,2020年4月10日,45582.00元
23,《Splash!》,李镇赫,2020年6月30日,43056.00元
24,《Girls Like You》,Maroon 5 / Cardi B,2018年5月30日,42096.00元
25,《夜游会》,乐正龙牙,2020年10月2日,41808.00元
26,《靠近》,徐梦圆,2020年4月28日,41418.00元
27,《遇见光之时》,杨桐 (Toarey Yang),2019年4月17日,40805.00元
28,《Anthology 1》,The Beatles,1995年11月20日,38576.00元
29,《Side B》,墨清弦,2020年5月20日,36936.00元
30,《Anthology 2》,The Beatles,1996年3月18日,36758.00元
31,《恋爱讯号》,周锐,2020年10月22日,36672.00元
32,《Remanufactured.》,STOLEN秘密行动,2020年3月2日,35616.00元
33,《Beatles For Sale (Remastered)》,The Beatles,1964年12月4日,35560.00元
34,"《Cannot Be, Whatsoever》",Novo Amor,2020年11月6日,33174.00元
35,《晚晴》,薇娅viya,2020年1月13日,32751.00元
36,《BlueBlue》,S.K.Y天空少年,2020年12月24日,31850.00元
37,《Message》,徵羽摩柯,2020年12月10日,30760.00元
38,《初心社三周年纪念专辑》,初音未来 (初音ミク) / 米库喵,2021年3月8日,29795.00元
39,《鹿先森乐队“华年”北京工体演唱会Live专辑》,鹿先森乐队,2019年4月16日,27654.00元
40,《香水月季》,贺俊雄,2020年7月9日,27450.00元
41,《「上映」· 点亮现场Live》,宫阁,2020年10月21日,27096.00元
42,《Anthology Highlights》,The Beatles,2011年6月14日,25942.00元
43,《我的意中人》,叶里,2019年1月12日,25120.00元
44,《good luck have fun》,bbno$,2020年10月9日,23960.00元
45,《Live At The Hollywood Bowl》,The Beatles,2016年9月9日,23394.00元
46,《Eeny Meeny》,郑允浩,2021年1月25日,23370.00元
47,《astrology》,bbno$,2020年7月17日,22665.00元
48,《岁月如歌》,姜昕,2020年7月15日,21280.00元
49,《花开的时间》,王潇鸽,2021年1月30日,20040.00元
50,《逾期玫瑰》,轩ZONE / 陈张太康,2020年12月10日,19232.00元
51,《Still on My Mind》,Dido,2019年3月8日,17880.00元
52,《青梅屿》,糖醋排骨,2021年1月14日,16190.00元
53,《INFINITY》,雨洛Huge,2019年5月7日,15390.00元
54,《Live At The BBC (Remastered)》,The Beatles,1994年11月30日,14914.00元
55,《江潮之下》,钱文青,2020年12月2日,14848.00元
56,《On Air  Live At The BBC (Vol.2)》,The Beatles,2013年11月11日,12766.00元
57,《貔貅饭馆，只进不出》,倔强的小红军 / 斑马,2021年2月26日,11004.00元
58,《小期待》,秦牛正威,2020年8月10日,9537.00元
59,《我说，你听》,安九,2020年4月15日,8370.00元
60,《呼啸旅程》,呼戈,2020年1月18日,7203.00元
61,《王贝贝》,王文颖,2019年9月8日,6024.00元
62,《Singing to Strangers》,Jack Savoretti,2019年3月15日,6000.00元
63,《私人派对》,GibbZ,2020年12月14日,5570.00元
64,《New Retro (新城旧叙)》,郑亚当Anton,2020年12月15日,5344.00元
65,《Step Back In Time: The Definitive Collection》,Kylie Minogue,2019年6月28日,3402.00元
66,《清曲雅韵（余琼莹潮曲唱腔艺术精选）》,余琼莹,2020年12月22日,3400.00元
67,《眼》,Chui Wan,2019年9月27日,3190.00元
68,《PHASES》,Chase Atlantic,2019年6月28日,2256.00元
69,《她是女人》,汤笛,2020年7月22日,2220.00元
70,《说不得》,莫奇MY,2019年8月13日,1609.74元
71,《K.R.I.T. IZ HERE》,Big K.R.I.T.,2019年7月11日,1332.00元
72,《Honey Bones》,DOPE LEMON,2019年7月12日,612.00元
73,《Lockdown Lullabies》,Emma Stevens,2020年7月24日,520.00元
74,《镜》,朱宇晨,2021年2月26日,423.00元
75,《‘90s Country》,Homegrown Kids,2019年6月28日,252.00元
76,《Eric B For President: Term 3》,Eric Bellinger,2020年10月30日,0.00元
0,《The Archer》,Taylor Swift,2019年7月23日,67014.00元
1,《Yellow Submarine (Remastered)》,The Beatles,1969年1月17日,66650.00元
2,《没有什么不可以》,董又霖,2020年6月14日,66645.00元
3,《平和世界》,Mario,2019年7月29日,64716.00元
4,《The Beatles (White Album / Deluxe)》,The Beatles,1968年11月22日,63978.00元
5,《A Hard Days Night (Remastered)》,The Beatles,1964年7月10日,63576.00元
6,《罗盘》,嘉羿,2020年12月6日,58974.00元
7,《Little Fish》,MADILYN,2020年8月7日,58495.00元
8,《A》,上官喜爱,2020年7月22日,58255.00元
9,《大卫》,丁泽仁,2019年11月26日,56634.00元
10,《With The Beatles (Remastered)》,The Beatles,1963年11月22日,55054.00元
11,《Past Masters (Vols. 1 & 2 / Remastered)》,The Beatles,1988年3月7日,53870.00元
12,《放学》,初音ミク,2019年10月17日,50570.00元
13,《元曲》,窦唯 / 朝简,2021年5月1日,50490.00元
14,《Never Give Up》,杨超文,2020年9月28日,49777.00元
15,《What If》,谭晶,2020年1月6日,48807.00元
16,《ヒラヒラ》,GENERATIONS from EXILE TRIBE,2020年4月15日,48805.00元
17,《雨のち晴れ》,GENERATIONS from EXILE TRIBE,2021年1月24日,48755.00元
18,《339 EP》,HARIKIRI / Bohan Phoenix / 马思唯 / J.Mag,2020年7月29日,47736.00元
19,《唐》,王三溥,2019年5月22日,47120.00元
20,《Real Love Is...》,椅子乐团 The Chairs,2020年10月16日,47024.00元
21,《Let It Be... Naked (Remastered)》,The Beatles,2003年11月17日,46136.00元
22,《甜甜的小美满》,刘人语,2020年4月10日,45582.00元
23,《Splash!》,李镇赫,2020年6月30日,43056.00元
24,《Girls Like You》,Maroon 5 / Cardi B,2018年5月30日,42096.00元
25,《夜游会》,乐正龙牙,2020年10月2日,41808.00元
26,《靠近》,徐梦圆,2020年4月28日,41418.00元
27,《遇见光之时》,杨桐 (Toarey Yang),2019年4月17日,40805.00元
28,《Anthology 1》,The Beatles,1995年11月20日,38576.00元
29,《Side B》,墨清弦,2020年5月20日,36936.00元
30,《Anthology 2》,The Beatles,1996年3月18日,36758.00元
31,《恋爱讯号》,周锐,2020年10月22日,36672.00元
32,《Remanufactured.》,STOLEN秘密行动,2020年3月2日,35616.00元
33,《Beatles For Sale (Remastered)》,The Beatles,1964年12月4日,35560.00元
34,"《Cannot Be, Whatsoever》",Novo Amor,2020年11月6日,33174.00元
35,《晚晴》,薇娅viya,2020年1月13日,32751.00元
36,《BlueBlue》,S.K.Y天空少年,2020年12月24日,31850.00元
37,《Message》,徵羽摩柯,2020年12月10日,30760.00元
38,《初心社三周年纪念专辑》,初音未来 (初音ミク) / 米库喵,2021年3月8日,29795.00元
39,《鹿先森乐队“华年”北京工体演唱会Live专辑》,鹿先森乐队,2019年4月16日,27654.00元
40,《香水月季》,贺俊雄,2020年7月9日,27450.00元
41,《「上映」· 点亮现场Live》,宫阁,2020年10月21日,27096.00元
42,《Anthology Highlights》,The Beatles,2011年6月14日,25942.00元
43,《我的意中人》,叶里,2019年1月12日,25120.00元
44,《good luck have fun》,bbno$,2020年10月9日,23960.00元
45,《Live At The Hollywood Bowl》,The Beatles,2016年9月9日,23394.00元
46,《Eeny Meeny》,郑允浩,2021年1月25日,23370.00元
47,《astrology》,bbno$,2020年7月17日,22665.00元
48,《岁月如歌》,姜昕,2020年7月15日,21280.00元
49,《花开的时间》,王潇鸽,2021年1月30日,20040.00元
50,《逾期玫瑰》,轩ZONE / 陈张太康,2020年12月10日,19232.00元
51,《Still on My Mind》,Dido,2019年3月8日,17880.00元
52,《青梅屿》,糖醋排骨,2021年1月14日,16190.00元
53,《INFINITY》,雨洛Huge,2019年5月7日,15390.00元
54,《Live At The BBC (Remastered)》,The Beatles,1994年11月30日,14914.00元
55,《江潮之下》,钱文青,2020年12月2日,14848.00元
56,《On Air  Live At The BBC (Vol.2)》,The Beatles,2013年11月11日,12766.00元
57,《貔貅饭馆，只进不出》,倔强的小红军 / 斑马,2021年2月26日,11004.00元
58,《小期待》,秦牛正威,2020年8月10日,9537.00元
59,《我说，你听》,安九,2020年4月15日,8370.00元
60,《呼啸旅程》,呼戈,2020年1月18日,7203.00元
61,《王贝贝》,王文颖,2019年9月8日,6024.00元
62,《Singing to Strangers》,Jack Savoretti,2019年3月15日,6000.00元
63,《私人派对》,GibbZ,2020年12月14日,5570.00元
64,《New Retro (新城旧叙)》,郑亚当Anton,2020年12月15日,5344.00元
65,《Step Back In Time: The Definitive Collection》,Kylie Minogue,2019年6月28日,3402.00元
66,《清曲雅韵（余琼莹潮曲唱腔艺术精选）》,余琼莹,2020年12月22日,3400.00元
67,《眼》,Chui Wan,2019年9月27日,3190.00元
68,《PHASES》,Chase Atlantic,2019年6月28日,2256.00元
69,《她是女人》,汤笛,2020年7月22日,2220.00元
70,《说不得》,莫奇MY,2019年8月13日,1609.74元
71,《K.R.I.T. IZ HERE》,Big K.R.I.T.,2019年7月11日,1332.00元
72,《Honey Bones》,DOPE LEMON,2019年7月12日,612.00元
73,《Lockdown Lullabies》,Emma Stevens,2020年7月24日,520.00元
74,《镜》,朱宇晨,2021年2月26日,423.00元
75,《‘90s Country》,Homegrown Kids,2019年6月28日,252.00元
76,《Eric B For President: Term 3》,Eric Bellinger,2020年10月30日,0.00元
0,《The Archer》,Taylor Swift,2019年7月23日,67014.00元
1,《Yellow Submarine (Remastered)》,The Beatles,1969年1月17日,66650.00元
2,《没有什么不可以》,董又霖,2020年6月14日,66645.00元
3,《平和世界》,Mario,2019年7月29日,64716.00元
4,《The Beatles (White Album / Deluxe)》,The Beatles,1968年11月22日,63978.00元
5,《A Hard Days Night (Remastered)》,The Beatles,1964年7月10日,63576.00元
6,《罗盘》,嘉羿,2020年12月6日,58974.00元
7,《Little Fish》,MADILYN,2020年8月7日,58495.00元
8,《A》,上官喜爱,2020年7月22日,58255.00元
9,《大卫》,丁泽仁,2019年11月26日,56634.00元
10,《With The Beatles (Remastered)》,The Beatles,1963年11月22日,55054.00元
11,《Past Masters (Vols. 1 & 2 / Remastered)》,The Beatles,1988年3月7日,53870.00元
12,《放学》,初音ミク,2019年10月17日,50570.00元
13,《元曲》,窦唯 / 朝简,2021年5月1日,50490.00元
14,《Never Give Up》,杨超文,2020年9月28日,49777.00元
15,《What If》,谭晶,2020年1月6日,48807.00元
16,《ヒラヒラ》,GENERATIONS from EXILE TRIBE,2020年4月15日,48805.00元
17,《雨のち晴れ》,GENERATIONS from EXILE TRIBE,2021年1月24日,48755.00元
18,《339 EP》,HARIKIRI / Bohan Phoenix / 马思唯 / J.Mag,2020年7月29日,47736.00元
19,《唐》,王三溥,2019年5月22日,47120.00元
20,《Real Love Is...》,椅子乐团 The Chairs,2020年10月16日,47024.00元
21,《Let It Be... Naked (Remastered)》,The Beatles,2003年11月17日,46136.00元
22,《甜甜的小美满》,刘人语,2020年4月10日,45582.00元
23,《Splash!》,李镇赫,2020年6月30日,43056.00元
24,《Girls Like You》,Maroon 5 / Cardi B,2018年5月30日,42096.00元
25,《夜游会》,乐正龙牙,2020年10月2日,41808.00元
26,《靠近》,徐梦圆,2020年4月28日,41418.00元
27,《遇见光之时》,杨桐 (Toarey Yang),2019年4月17日,40805.00元
28,《Anthology 1》,The Beatles,1995年11月20日,38576.00元
29,《Side B》,墨清弦,2020年5月20日,36936.00元
30,《Anthology 2》,The Beatles,1996年3月18日,36758.00元
31,《恋爱讯号》,周锐,2020年10月22日,36672.00元
32,《Remanufactured.》,STOLEN秘密行动,2020年3月2日,35616.00元
33,《Beatles For Sale (Remastered)》,The Beatles,1964年12月4日,35560.00元
34,"《Cannot Be, Whatsoever》",Novo Amor,2020年11月6日,33174.00元
35,《晚晴》,薇娅viya,2020年1月13日,32751.00元
36,《BlueBlue》,S.K.Y天空少年,2020年12月24日,31850.00元
37,《Message》,徵羽摩柯,2020年12月10日,30760.00元
38,《初心社三周年纪念专辑》,初音未来 (初音ミク) / 米库喵,2021年3月8日,29795.00元
39,《鹿先森乐队“华年”北京工体演唱会Live专辑》,鹿先森乐队,2019年4月16日,27654.00元
40,《香水月季》,贺俊雄,2020年7月9日,27450.00元
41,《「上映」· 点亮现场Live》,宫阁,2020年10月21日,27096.00元
42,《Anthology Highlights》,The Beatles,2011年6月14日,25942.00元
43,《我的意中人》,叶里,2019年1月12日,25120.00元
44,《good luck have fun》,bbno$,2020年10月9日,23960.00元
45,《Live At The Hollywood Bowl》,The Beatles,2016年9月9日,23394.00元
46,《Eeny Meeny》,郑允浩,2021年1月25日,23370.00元
47,《astrology》,bbno$,2020年7月17日,22665.00元
48,《岁月如歌》,姜昕,2020年7月15日,21280.00元
49,《花开的时间》,王潇鸽,2021年1月30日,20040.00元
50,《逾期玫瑰》,轩ZONE / 陈张太康,2020年12月10日,19232.00元
51,《Still on My Mind》,Dido,2019年3月8日,17880.00元
52,《青梅屿》,糖醋排骨,2021年1月14日,16190.00元
53,《INFINITY》,雨洛Huge,2019年5月7日,15390.00元
54,《Live At The BBC (Remastered)》,The Beatles,1994年11月30日,14914.00元
55,《江潮之下》,钱文青,2020年12月2日,14848.00元
56,《On Air  Live At The BBC (Vol.2)》,The Beatles,2013年11月11日,12766.00元
57,《貔貅饭馆，只进不出》,倔强的小红军 / 斑马,2021年2月26日,11004.00元
58,《小期待》,秦牛正威,2020年8月10日,9537.00元
59,《我说，你听》,安九,2020年4月15日,8370.00元
60,《呼啸旅程》,呼戈,2020年1月18日,7203.00元
61,《王贝贝》,王文颖,2019年9月8日,6024.00元
62,《Singing to Strangers》,Jack Savoretti,2019年3月15日,6000.00元
63,《私人派对》,GibbZ,2020年12月14日,5570.00元
64,《New Retro (新城旧叙)》,郑亚当Anton,2020年12月15日,5344.00元
65,《Step Back In Time: The Definitive Collection》,Kylie Minogue,2019年6月28日,3402.00元
66,《清曲雅韵（余琼莹潮曲唱腔艺术精选）》,余琼莹,2020年12月22日,3400.00元
67,《眼》,Chui Wan,2019年9月27日,3190.00元
68,《PHASES》,Chase Atlantic,2019年6月28日,2256.00元
69,《她是女人》,汤笛,2020年7月22日,2220.00元
70,《说不得》,莫奇MY,2019年8月13日,1609.74元
71,《K.R.I.T. IZ HERE》,Big K.R.I.T.,2019年7月11日,1332.00元
72,《Honey Bones》,DOPE LEMON,2019年7月12日,612.00元
73,《Lockdown Lullabies》,Emma Stevens,2020年7月24日,520.00元
74,《镜》,朱宇晨,2021年2月26日,423.00元
75,《‘90s Country》,Homegrown Kids,2019年6月28日,252.00元
76,《Eric B For President: Term 3》,Eric Bellinger,2020年10月30日,0.00元
